criterion_id,score,rubric
V2C1,0,"Нет подтверждения, что оператор принимает отдельные/пилотные партии сопоставимого масштаба."
V2C1,1,"Публичные условия ориентированы на крупный/регулярный поток либо есть высокий фиксированный минимальный платёж, делающий небольшую пилотную партию экономически несопоставимой."
V2C1,2,"Работа с небольшой партией возможна только по индивидуальному согласованию; порог или минимальный платёж существенно не раскрыты."
V2C1,3,"Подтверждена работа с партиями до 1000 ед. или фактическая пооперационная тарификация, но старт около 100 ед. / отсутствие крупного минимального платежа не подтверждены."
V2C1,4,"Подтвержден небольшой стартовый объём либо любой объём с умеренным минимальным заказом до 5000 руб.; нет признаков крупного обязательного месячного платежа."
V2C1,5,"Явно подтвержден старт примерно от 100 ед. или без минимального объёма, экономика считается по фактическим операциям/партии и сценарий подходит для отдельного пилотного запуска."
V2C2,0,"Стоимость и состав услуг практически не раскрыты."
V2C2,1,"Есть только общая формулировка об индивидуальном расчёте без ставок и состава операций."
V2C2,2,"Опубликованы отдельные ориентиры, но смету пилотной партии по ним собрать трудно."
V2C2,3,"Есть несколько ставок и понятен принцип расчёта; часть существенных операций остаётся только по запросу."
V2C2,4,"Есть подробный пооперационный прайс или калькулятор и можно отделить нужные операции; отдельные элементы маршрута считаются индивидуально."
V2C2,5,"Есть детальный пооперационный прайс/калькулятор, модульный выбор операций и достаточно данных, чтобы заранее оценить существенную часть бюджета пилотной партии."
V2C3,0,"Релевантная обработка бьюти-категории не подтверждена."
V2C3,1,"Есть только общий входной контроль без специализированной работы с косметикой/жидкостями."
V2C3,2,"Подтверждены косметика либо жидкие/хрупкие товары, но без полноценного контроля рисков категории."
V2C3,3,"Косметика/парфюмерия подтверждены и есть минимум одна специализированная операция контроля состояния."
V2C3,4,"Подтверждены косметика/парфюмерия, сроки годности и/или герметичность/бой плюс защитная упаковка."
V2C3,5,"Полный бьюти-процесс: сроки, целостность/герметичность, хрупкая тара, потребительская упаковка и сложные операции с наборами/защитой."
V2C4,0,"Подготовка упаковки и грузовых мест не подтверждена."
V2C4,1,"Только базовая переупаковка/пакет."
V2C4,2,"Несколько видов индивидуальной упаковки и маркировка."
V2C4,3,"Упаковка по требованиям маркетплейсов плюс формирование коробов/поставок."
V2C4,4,"Короба и паллеты, транспортная маркировка, несколько видов защиты, комплектация/наборы."
V2C4,5,"Уровень 4 плюс выраженная работа со сложной бьюти-упаковкой: ВПП/термоусадка/защита флаконов, наборы и транспортные единицы в одном процессе."
V2C5,0,"Работа с обязательной маркировкой не подтверждена."
V2C5,1,"Только обычные этикетки без Data Matrix/КИЗ."
V2C5,2,"Нанесение Data Matrix/КИЗ подтверждено, контроль кода раскрыт слабо."
V2C5,3,"Есть нанесение и сканирование/проверка читаемости или статуса кода."
V2C5,4,"Есть системная прослеживаемость: WMS/CRM, связка товар-код, валидация/дубли, КРПТ/ГИС МТ или агрегация."
V2C5,5,"Уровень 4 плюс транспортная агрегация и/или УПД/ЭДО/передача данных для сложной B2B-поставки."
V2C6,0,"Подготовка складской поставки и доставка на маркетплейс не подтверждены."
V2C6,1,"Есть общий фулфилмент без подтверждённого FBO/FBL-процесса."
V2C6,2,"FBO-подготовка или доставка на склады маркетплейсов подтверждены, но процесс раскрыт ограниченно."
V2C6,3,"Есть полный FBO-процесс и регулярная доставка/слоты; ЛЭТУАЛЬ отдельно не подтверждена."
V2C6,4,"ЛЭТУАЛЬ прямо указана среди обслуживаемых площадок и есть сопоставимый FBO/FBL-процесс или доставка."
V2C6,5,"Есть отдельный актуальный процесс ЛЭТУАЛЬ/FBL с центральным складом, коробами/паллетами и практической организацией доставки/окна."
V2C7,0,"Нет данных о сроке обработки партии."
V2C7,1,"Только общее обещание быстро работать без измеримого срока."
V2C7,2,"Есть общий SLA/срок запуска, но он не относится к обработке отдельной партии."
V2C7,3,"Есть измеримый срок для сопоставимой партии примерно 3–5 рабочих дней либо подтверждённая регулярная производительность без короткого SLA."
V2C7,4,"Есть измеримый срок примерно 1–3 дня для небольшой/средней партии либо конкретный быстрый SLA с оговорками."
V2C7,5,"Есть подтверждённый кейс/регламент обработки сопоставимой партии за 1–2 рабочих дня и достаточная операционная способность повторить такой цикл."