participant,V2C1,V2C2,V2C3,V2C4,V2C5,V2C6,V2C7,V2C1_points,V2C2_points,V2C3_points,V2C4_points,V2C5_points,V2C6_points,V2C7_points,total_score_exact,rank,tie_break_note,status
Преп-Центр,5,5,5,5,4,5,5,20,15,20,15,8,10,10,98,1,,FINAL_STEP5_V2
FullBox,4,5,5,5,5,4,5,16,15,20,15,10,8,10,94,2,,FINAL_STEP5_V2
Родной Дом,5,5,5,5,3,3,3,20,15,20,15,6,6,6,88,3,,FINAL_STEP5_V2
LOGIDEX,5,5,4,4,4,3,5,20,15,16,12,8,6,10,87,4,tie on total; resolved by frozen order V2C1>V2C3>V2C2>V2C4>V2C5>V2C6>V2C7,FINAL_STEP5_V2
Helpberries,4,4,5,5,5,3,4,16,12,20,15,10,6,8,87,5,tie on total; resolved by frozen order V2C1>V2C3>V2C2>V2C4>V2C5>V2C6>V2C7,FINAL_STEP5_V2
Будет сделано!,4,5,3,5,4,3,4,16,15,12,15,8,6,8,80,6,tie on total; resolved by frozen order V2C1>V2C3>V2C2>V2C4>V2C5>V2C6>V2C7,FINAL_STEP5_V2
Кактус,1,5,5,5,5,5,3,4,15,20,15,10,10,6,80,7,tie on total; resolved by frozen order V2C1>V2C3>V2C2>V2C4>V2C5>V2C6>V2C7,FINAL_STEP5_V2
WBBK / КОН,3,4,5,5,3,3,4,12,12,20,15,6,6,8,79,8,,FINAL_STEP5_V2
Nitropack,3,5,4,4,3,3,3,12,15,16,12,6,6,6,73,9,tie on total; resolved by frozen order V2C1>V2C3>V2C2>V2C4>V2C5>V2C6>V2C7,FINAL_STEP5_V2
Fox2Box,3,3,4,4,5,3,4,12,9,16,12,10,6,8,73,10,tie on total; resolved by frozen order V2C1>V2C3>V2C2>V2C4>V2C5>V2C6>V2C7,FINAL_STEP5_V2
FullMark,3,5,3,4,3,3,4,12,15,12,12,6,6,8,71,11,,FINAL_STEP5_V2
Full-Fix,4,2,2,4,5,3,3,16,6,8,12,10,6,6,64,12,,FINAL_STEP5_V2
Yunu,4,5,1,3,2,3,3,16,15,4,9,4,6,6,60,13,,FINAL_STEP5_V2
FlexFF,2,2,2,4,3,4,4,8,6,8,12,6,8,8,56,14,,FINAL_STEP5_V2
TWOBOX,3,4,1,3,2,3,3,12,12,4,9,4,6,6,53,15,,FINAL_STEP5_V2